x,y,B,G,R
3,20,247,247,247
4,20,247,247,247
5,20,247,247,247
6,20,247,246,248
7,20,247,246,248
8,20,247,246,248
9,20,247,246,248
10,20,247,246,248
11,20,247,246,248
12,20,247,247,247
13,20,247,247,247
14,20,247,247,247
15,20,247,248,246
16,20,250,251,249
17,20,237,240,238
18,20,248,254,253
19,20,244,248,249
20,20,253,246,249
21,20,255,251,246
22,20,252,255,233
23,20,170,184,150
24,20,169,187,150
25,20,169,184,156
26,20,250,253,244
27,20,249,244,246
28,20,251,245,250
29,20,245,239,244
30,20,255,249,254
31,20,246,246,246
32,20,240,250,238
33,20,238,248,236
34,20,245,248,246
35,20,251,250,254
36,20,246,247,251
37,20,241,244,248
3,21,247,247,247
4,21,247,247,247
5,21,247,247,247
6,21,247,246,248
7,21,247,246,248
8,21,247,246,248
9,21,247,246,248
10,21,247,246,248
11,21,247,246,248
12,21,247,247,247
13,21,247,247,247
14,21,247,247,247
15,21,245,247,248
16,21,244,246,247
17,21,244,248,249
18,21,240,245,246
19,21,244,246,246
20,21,255,248,251
21,21,255,247,239
22,21,204,200,171
23,21,211,216,171
24,21,209,221,169
25,21,133,145,103
26,21,247,251,232
27,21,249,248,244
28,21,251,249,249
29,21,255,252,251
30,21,252,249,241
31,21,249,250,234
32,21,243,255,234
33,21,245,255,241
34,21,237,243,238
35,21,246,245,247
36,21,249,248,252
37,21,250,249,253
3,22,245,247,247
4,22,247,247,247
5,22,247,247,247
6,22,247,247,247
7,22,247,247,247
8,22,247,247,247
9,22,247,247,247
10,22,247,247,247
11,22,247,247,247
12,22,245,247,248
13,22,245,247,248
14,22,245,247,248
15,22,245,246,250
16,22,245,244,254
17,22,246,248,255
18,22,237,245,244
19,22,242,248,243
20,22,255,247,247
21,22,255,252,244
22,22,227,206,175
23,22,231,214,165
24,22,148,139,75
25,22,151,150,92
26,22,253,255,227
27,22,243,250,237
28,22,246,250,245
29,22,245,246,236
30,22,255,255,227
31,22,149,149,109
32,22,136,150,116
33,22,233,249,225
34,22,250,255,248
35,22,246,248,248
36,22,243,240,242
37,22,249,245,250
3,23,245,247,247
4,23,247,247,247
5,23,247,247,247
6,23,247,247,247
7,23,247,247,247
8,23,247,247,247
9,23,247,247,247
10,23,247,247,247
11,23,247,247,247
12,23,245,247,248
13,23,245,247,248
14,23,245,247,248
15,23,245,245,251
16,23,245,241,253
17,23,243,242,252
18,23,245,252,249
19,23,242,247,238
20,23,255,248,240
21,23,223,199,181
22,23,248,211,173
23,23,168,130,76
24,23,162,132,67
25,23,175,155,97
26,23,156,147,113
27,23,179,178,158
28,23,184,182,164
29,23,255,252,225
30,23,152,134,87
31,23,145,133,79
32,23,138,147,104
33,23,246,255,231
34,23,239,249,233
35,23,244,248,243
36,23,251,248,250
37,23,250,244,249
3,24,242,244,244
4,24,246,247,245
5,24,248,249,247
6,24,248,246,245
7,24,251,249,248
8,24,248,246,245
9,24,246,244,243
10,24,250,251,249
11,24,248,249,247
12,24,245,247,247
13,24,246,248,248
14,24,249,251,252
15,24,246,245,249
16,24,251,247,253
17,24,255,249,254
18,24,248,244,243
19,24,254,248,237
20,24,255,249,231
21,24,236,204,169
22,24,180,133,79
23,24,187,132,71
24,24,186,130,75
25,24,173,127,80
26,24,237,206,175
27,24,231,209,181
28,24,198,177,139
29,24,164,136,89
30,24,175,132,75
31,24,166,132,73
32,24,152,151,101
33,24,248,255,225
34,24,237,248,228
35,24,248,252,246
36,24,251,249,249
37,24,251,244,249
3,25,247,249,249
4,25,247,248,246
5,25,242,243,241
6,25,254,252,251
7,25,246,245,241
8,25,250,248,247
9,25,253,251,250
10,25,246,244,243
11,25,246,247,245
12,25,244,244,244
13,25,244,246,246
14,25,244,246,247
15,25,247,246,248
16,25,250,245,247
17,25,252,244,244
18,25,255,252,239
19,25,255,255,237
20,25,152,130,95
21,25,158,124,78
22,25,186,136,78
23,25,133,76,15
24,25,133,72,22
25,25,179,123,82
26,25,243,200,167
27,25,242,206,170
28,25,168,132,84
29,25,117,77,19
30,25,183,128,67
31,25,178,134,73
32,25,161,150,93
33,25,138,147,104
34,25,251,255,238
35,25,241,249,239
36,25,250,248,248
37,25,249,243,248
3,26,246,246,246
4,26,252,250,249
5,26,250,249,245
6,26,251,248,244
7,26,250,247,242
8,26,253,250,246
9,26,246,245,241
10,26,246,245,241
11,26,255,255,252
12,26,249,250,248
13,26,240,241,239
14,26,251,253,253
15,26,246,246,246
16,26,249,247,247
17,26,255,250,239
18,26,255,255,224
19,26,160,140,93
20,26,171,144,94
21,26,172,138,85
22,26,112,70,17
23,26,121,74,22
24,26,121,72,22
25,26,122,75,31
26,26,120,77,38
27,26,109,67,25
28,26,173,130,81
29,26,120,73,17
30,26,132,78,17
31,26,176,133,70
32,26,153,135,76
33,26,152,152,104
34,26,247,255,229
35,26,246,254,243
36,26,238,238,238
37,26,247,243,248
3,27,248,249,247
4,27,246,244,243
5,27,250,249,245
6,27,245,242,237
7,27,144,141,136
8,27,250,247,242
9,27,252,249,244
10,27,251,248,243
11,27,244,243,239
12,27,245,244,240
13,27,251,252,250
14,27,247,248,246
15,27,250,248,247
16,27,254,245,242
17,27,255,249,232
18,27,154,128,82
19,27,165,133,74
20,27,112,78,19
21,27,115,75,22
22,27,125,79,31
23,27,255,206,160
24,27,255,208,160
25,27,115,65,19
26,27,122,74,32
27,27,120,73,29
28,27,119,70,22
29,27,130,75,24
30,27,128,71,15
31,27,179,131,73
32,27,165,137,76
33,27,154,143,91
34,27,253,255,229
35,27,242,252,239
36,27,247,250,248
37,27,253,252,255
3,28,245,243,242
4,28,253,249,248
5,28,248,245,241
6,28,123,119,114
7,28,253,250,242
8,28,253,250,242
9,28,250,248,240
10,28,255,255,247
11,28,174,174,168
12,28,254,254,248
13,28,249,250,246
14,28,240,241,237
15,28,255,251,247
16,28,255,249,244
17,28,160,121,99
18,28,172,126,79
19,28,176,128,70
20,28,126,77,21
21,28,125,72,21
22,28,129,68,24
23,28,185,119,78
24,28,193,125,82
25,28,188,123,79
26,28,125,70,27
27,28,115,64,21
28,28,125,70,25
29,28,133,73,27
30,28,135,70,26
31,28,130,71,22
32,28,170,128,69
33,28,136,116,61
34,28,138,141,109
35,28,243,254,238
36,28,246,249,247
37,28,242,243,247
3,29,249,247,246
4,29,252,249,245
5,29,255,255,250
6,29,243,240,232
7,29,252,250,240
8,29,248,246,236
9,29,254,252,242
10,29,200,198,190
11,29,175,173,165
12,29,251,251,245
13,29,243,243,237
14,29,251,252,248
15,29,255,249,242
16,29,255,248,234
17,29,158,114,90
18,29,124,74,28
19,29,176,122,69
20,29,126,73,23
21,29,124,68,21
22,29,138,73,29
23,29,192,120,78
24,29,193,118,74
25,29,187,116,72
26,29,137,78,33
27,29,125,72,29
28,29,177,122,79
29,29,182,121,81
30,29,132,67,29
31,29,127,66,22
32,29,121,71,11
33,29,159,130,73
34,29,149,150,116
35,29,242,253,237
36,29,244,249,247
37,29,247,250,254
3,30,251,249,248
4,30,249,246,242
5,30,247,244,239
6,30,255,255,247
7,30,253,251,241
8,30,255,254,244
9,30,205,203,192
10,30,197,196,186
11,30,180,179,169
12,30,248,249,240
13,30,253,254,245
14,30,245,247,241
15,30,255,253,242
16,30,255,252,231
17,30,98,69,38
18,30,111,66,28
19,30,121,71,29
20,30,121,72,34
21,30,115,63,23
22,30,128,69,24
23,30,190,124,76
24,30,191,120,70
25,30,199,132,83
26,30,121,64,19
27,30,115,63,22
28,30,123,71,31
29,30,115,62,25
30,30,126,69,37
31,30,127,71,30
32,30,135,81,21
33,30,157,123,64
34,30,147,147,111
35,30,237,251,233
36,30,241,248,245
37,30,241,246,249
3,31,252,250,249
4,31,247,244,240
5,31,255,252,247
6,31,248,246,238
7,31,252,250,240
8,31,250,248,237
9,31,201,201,189
10,31,201,199,191
11,31,175,175,169
12,31,252,251,247
13,31,242,243,239
14,31,252,254,248
15,31,248,247,233
16,31,255,253,231
17,31,92,68,40
18,31,109,68,35
19,31,113,65,29
20,31,115,67,33
21,31,121,72,34
22,31,125,67,25
23,31,185,123,77
24,31,190,124,76
25,31,185,120,75
26,31,180,121,81
27,31,120,67,30
28,31,118,69,29
29,31,116,67,29
30,31,115,64,31
31,31,119,67,27
32,31,126,71,14
33,31,170,133,77
34,31,144,145,106
35,31,239,255,234
36,31,242,252,246
37,31,243,248,249
3,32,254,251,247
4,32,248,246,245
5,32,249,247,246
6,32,247,246,242
7,32,251,249,241
8,32,252,252,240
9,32,255,254,244
10,32,202,198,197
11,32,244,241,243
12,32,247,246,250
13,32,249,251,252
14,32,240,248,238
15,32,253,253,239
16,32,255,248,232
17,32,95,68,47
18,32,101,62,30
19,32,115,70,33
20,32,115,68,30
21,32,123,72,32
22,32,125,64,24
23,32,128,66,26
24,32,126,67,28
25,32,123,65,30
26,32,127,68,36
27,32,116,62,29
28,32,113,69,28
29,32,113,70,27
30,32,118,69,29
31,32,118,66,25
32,32,123,67,20
33,32,160,124,76
34,32,142,151,108
35,32,236,255,229
36,32,240,249,239
37,32,241,246,245
3,33,241,241,235
4,33,247,248,246
5,33,245,248,246
6,33,247,248,246
7,33,250,252,246
8,33,246,247,237
9,33,246,247,238
10,33,249,246,248
11,33,253,249,255
12,33,246,242,253
13,33,248,246,252
14,33,245,246,242
15,33,253,251,240
16,33,255,250,239
17,33,96,64,45
18,33,110,64,33
19,33,116,64,27
20,33,113,64,24
21,33,114,64,22
22,33,126,67,28
23,33,126,67,28
24,33,122,65,33
25,33,121,66,35
26,33,120,60,31
27,33,120,66,33
28,33,115,70,27
29,33,112,70,25
30,33,120,68,27
31,33,120,64,23
32,33,123,68,25
33,33,159,124,80
34,33,101,110,67
35,33,235,255,226
36,33,248,255,246
37,33,247,249,249
3,34,247,252,243
4,34,250,255,252
5,34,236,245,242
6,34,241,248,245
7,34,242,248,243
8,34,244,248,243
9,34,249,250,248
10,34,247,246,250
11,34,250,245,254
12,34,250,242,253
13,34,250,241,251
14,34,254,245,248
15,34,255,249,245
16,34,255,250,237
17,34,93,59,36
18,34,180,121,89
19,34,186,121,82
20,34,173,117,76
21,34,124,73,30
22,34,115,63,22
23,34,119,67,26
24,34,112,58,23
25,34,120,66,33
26,34,124,67,36
27,34,115,61,26
28,34,124,75,31
29,34,166,116,70
30,34,179,118,78
31,34,182,120,80
32,34,126,68,26
33,34,99,64,20
34,34,103,112,69
35,34,229,253,219
36,34,243,253,241
37,34,246,249,247
3,35,240,248,241
4,35,232,244,238
5,35,237,248,245
6,35,243,249,248
7,35,242,247,246
8,35,248,248,248
9,35,249,246,248
10,35,246,242,247
11,35,246,242,248
12,35,255,250,255
13,35,250,243,248
14,35,255,250,253
15,35,255,244,240
16,35,255,249,236
17,35,97,63,40
18,35,172,108,77
19,35,187,117,80
20,35,125,68,29
21,35,81,32,0
22,35,116,67,27
23,35,111,64,26
24,35,117,69,35
25,35,113,62,30
26,35,112,58,28
27,35,117,62,31
28,35,117,62,23
29,35,120,64,23
30,35,121,59,23
31,35,125,63,27
32,35,122,66,25
33,35,103,69,26
34,35,103,109,68
35,35,240,255,229
36,35,243,252,239
37,35,245,248,246
3,36,241,249,248
4,36,240,248,247
5,36,247,253,252
6,36,240,242,243
7,36,251,247,252
8,36,253,246,251
9,36,252,242,248
10,36,254,249,251
11,36,250,248,248
12,36,238,239,235
13,36,249,250,246
14,36,245,246,244
15,36,253,249,244
16,36,255,249,236
17,36,67,37,18
18,36,172,113,87
19,36,129,62,31
20,36,115,61,28
21,36,82,36,2
22,36,110,68,33
23,36,106,65,32
24,36,100,60,31
25,36,107,64,37
26,36,116,66,43
27,36,114,57,32
28,36,125,61,30
29,36,129,65,34
30,36,120,66,36
31,36,111,61,31
32,36,118,66,29
33,36,98,63,23
34,36,108,111,72
35,36,239,255,226
36,36,243,252,239
37,36,245,249,244
3,37,239,244,245
4,37,244,250,249
5,37,245,250,249
6,37,242,241,243
7,37,249,245,250
8,37,254,243,253
9,37,255,247,255
10,37,248,242,243
11,37,252,249,244
12,37,254,255,247
13,37,249,255,244
14,37,236,242,237
15,37,252,254,248
16,37,255,252,241
17,37,49,26,10
18,37,109,57,34
19,37,124,63,37
20,37,110,62,34
21,37,73,30,3
22,37,107,67,39
23,37,70,33,5
24,37,70,35,9
25,37,65,27,3
26,37,112,62,42
27,37,114,55,35
28,37,128,59,32
29,37,122,57,29
30,37,74,28,4
31,37,75,35,10
32,37,81,35,1
33,37,100,66,30
34,37,101,101,65
35,37,243,255,230
36,37,245,254,241
37,37,245,249,244
3,38,246,247,245
4,38,248,252,247
5,38,239,244,242
6,38,247,252,251
7,38,242,245,249
8,38,248,243,252
9,38,253,246,253
10,38,252,248,247
11,38,251,250,240
12,38,246,249,234
13,38,245,252,237
14,38,245,252,247
15,38,242,247,245
16,38,250,248,240
17,38,54,37,24
18,38,76,36,17
19,38,106,57,35
20,38,77,32,11
21,38,100,59,37
22,38,100,61,39
23,38,72,35,13
24,38,233,198,178
25,38,72,32,13
26,38,108,56,39
27,38,118,56,38
28,38,128,58,35
29,38,119,57,33
30,38,70,36,13
31,38,230,202,178
32,38,79,38,6
33,38,96,63,30
34,38,148,146,115
35,38,245,255,234
36,38,245,252,239
37,38,242,246,240
3,39,252,247,248
4,39,247,245,244
5,39,247,250,248
6,39,243,248,247
7,39,242,245,249
8,39,246,244,250
9,39,251,244,247
10,39,255,248,241
11,39,255,254,237
12,39,142,142,118
13,39,249,255,232
14,39,244,253,240
15,39,243,251,241
16,39,253,250,242
17,39,255,248,236
18,39,61,29,10
19,39,101,62,40
20,39,71,31,13
21,39,100,62,44
22,39,97,57,38
23,39,70,30,11
24,39,54,12,0
25,39,79,33,15
26,39,109,55,38
27,39,117,58,38
28,39,120,56,31
29,39,118,62,37
30,39,67,33,10
31,39,44,13,0
32,39,73,34,6
33,39,142,112,83
34,39,147,143,118
35,39,247,255,235
36,39,242,248,237
37,39,244,248,242
3,40,255,249,255
4,40,248,242,247
5,40,247,246,248
6,40,249,251,251
7,40,245,245,245
8,40,252,246,247
9,40,255,248,244
10,40,255,251,234
11,40,129,115,86
12,40,152,145,106
13,40,142,145,106
14,40,255,255,235
15,40,244,251,230
16,40,255,250,235
17,40,52,33,20
18,40,60,33,12
19,40,92,60,37
20,40,46,13,0
21,40,66,28,10
22,40,103,61,42
23,40,106,59,38
24,40,63,10,0
25,40,112,58,35
26,40,114,62,39
27,40,107,59,31
28,40,112,63,31
29,40,107,60,28
30,40,108,64,41
31,40,52,9,0
32,40,100,59,36
33,40,137,109,85
34,40,255,255,234
35,40,247,253,236
36,40,243,249,238
37,40,248,255,246
3,41,249,241,251
4,41,247,243,248
5,41,244,244,244
6,41,247,252,250
7,41,243,247,242
8,41,251,245,240
9,41,255,247,235
10,41,255,251,227
11,41,141,114,80
12,41,144,122,80
13,41,122,109,65
14,41,106,100,65
15,41,74,70,42
16,41,50,34,18
17,41,53,30,15
18,41,58,31,10
19,41,92,61,40
20,41,67,31,15
21,41,236,195,180
22,41,73,33,15
23,41,98,55,34
24,41,109,59,36
25,41,115,64,38
26,41,101,54,27
27,41,108,64,33
28,41,106,61,27
29,41,104,59,26
30,41,106,56,34
31,41,107,59,41
32,41,97,60,40
33,41,165,141,123
34,41,255,250,235
35,41,251,255,243
36,41,245,250,241
37,41,236,244,234
3,42,253,250,252
4,42,240,242,242
5,42,249,255,251
6,42,233,246,238
7,42,246,255,244
8,42,255,254,240
9,42,255,252,233
10,42,255,251,224
11,42,158,117,84
12,42,101,56,19
13,42,100,55,21
14,42,80,40,11
15,42,68,34,11
16,42,61,32,18
17,42,56,29,15
18,42,66,36,17
19,42,66,30,12
20,42,101,55,44
21,42,58,12,1
22,42,231,194,180
23,42,44,11,0
24,42,96,59,37
25,42,93,56,30
26,42,107,67,39
27,42,99,55,26
28,42,112,63,31
29,42,112,62,32
30,42,108,57,37
31,42,99,54,40
32,42,136,105,90
33,42,45,26,13
34,42,255,251,240
35,42,246,249,240
36,42,241,245,239
37,42,249,255,249
3,43,245,247,247
4,43,243,248,246
5,43,241,248,243
6,43,240,249,239
7,43,247,250,235
8,43,255,250,230
9,43,168,140,116
10,43,159,115,86
11,43,162,105,73
12,43,179,115,81
13,43,123,58,27
14,43,114,52,22
15,43,167,110,88
16,43,78,31,17
17,43,65,27,15
18,43,64,32,13
19,43,42,8,0
20,43,94,51,42
21,43,99,53,46
22,43,46,8,0
23,43,231,196,182
24,43,47,14,0
25,43,64,30,6
26,43,94,58,34
27,43,100,60,32
28,43,113,65,37
29,43,107,55,32
30,43,71,24,10
31,43,234,195,186
32,43,33,8,0
33,43,47,35,25
34,43,253,247,242
35,43,243,244,240
36,43,251,255,249
37,43,244,251,244
3,44,241,246,249
4,44,243,247,248
5,44,253,251,250
6,44,255,251,242
7,44,255,250,235
8,44,144,108,84
9,44,160,110,80
10,44,172,108,77
11,44,176,104,70
12,44,185,108,75
13,44,187,110,77
14,44,126,54,20
15,44,178,108,79
16,44,175,104,90
17,44,79,23,12
18,44,67,35,16
19,44,38,16,0
20,44,39,10,1
21,44,88,52,46
22,44,101,57,50
23,44,51,5,0
24,44,236,191,177
25,44,236,196,177
26,44,231,200,179
27,44,66,34,11
28,44,75,31,8
29,44,236,190,172
30,44,237,195,188
31,44,224,191,188
32,44,32,13,8
33,44,254,245,241
34,44,249,243,244
35,44,247,247,247
36,44,238,244,239
37,44,237,245,238
3,45,239,246,249
4,45,242,243,247
5,45,254,244,244
6,45,255,244,238
7,45,149,106,91
8,45,166,109,83
9,45,174,105,72
10,45,189,112,79
11,45,187,104,72
12,45,195,112,81
13,45,187,104,73
14,45,188,107,74
15,45,186,103,75
16,45,184,99,83
17,45,172,101,87
18,45,68,27,4
19,45,53,29,7
20,45,36,10,0
21,45,62,31,22
22,45,88,45,36
23,45,114,61,51
24,45,110,52,40
25,45,243,191,174
26,45,229,189,170
27,45,231,194,172
28,45,241,194,173
29,45,240,195,181
30,45,223,191,186
31,45,23,2,1
32,45,255,243,241
33,45,251,246,245
34,45,255,250,252
35,45,244,243,245
36,45,244,249,247
37,45,247,255,248
3,46,244,250,249
4,46,251,248,250
5,46,255,241,243
6,46,255,247,242
7,46,162,101,87
8,46,178,101,75
9,46,135,50,18
10,46,192,104,74
11,46,192,103,76
12,46,183,94,73
13,46,190,104,82
14,46,189,102,75
15,46,192,105,78
16,46,189,99,75
17,46,192,112,89
18,46,165,107,78
19,46,72,29,2
20,46,67,35,16
21,46,37,8,0
22,46,73,34,20
23,46,147,96,80
24,46,173,104,87
25,46,123,51,33
26,46,118,57,37
27,46,107,50,29
28,46,116,57,37
29,46,102,56,39
30,46,23,4,0
31,46,255,255,252
32,46,250,247,243
33,46,249,244,245
34,46,251,247,253
35,46,247,247,253
36,46,237,242,240
37,46,240,247,242
3,47,242,246,241
4,47,250,245,246
5,47,255,246,245
6,47,69,21,17
7,47,170,100,87
8,47,187,103,78
9,47,196,104,75
10,47,195,102,76
11,47,185,97,73
12,47,186,107,88
13,47,176,99,80
14,47,185,100,78
15,47,186,100,76
16,47,188,102,78
17,47,176,97,70
18,47,177,110,79
19,47,159,103,74
20,47,72,27,6
21,47,64,28,12
22,47,45,11,0
23,47,56,13,0
24,47,161,100,86
25,47,165,100,85
26,47,159,105,88
27,47,155,105,87
28,47,152,100,83
29,47,66,29,15
30,47,255,248,239
31,47,244,248,243
32,47,249,250,248
33,47,250,248,248
34,47,244,242,248
35,47,248,249,253
36,47,240,245,244
37,47,248,254,249
3,48,250,247,242
4,48,251,249,248
5,48,255,245,244
6,48,229,184,180
7,48,166,100,89
8,48,177,99,76
9,48,189,102,75
10,48,194,102,77
11,48,130,47,25
12,48,110,52,30
13,48,113,55,36
14,48,122,45,29
15,48,131,51,34
16,48,123,50,30
17,48,125,55,31
18,48,171,101,72
19,48,174,105,78
20,48,168,102,84
21,48,77,25,12
22,48,58,29,14
23,48,33,10,0
24,48,42,9,0
25,48,40,9,0
26,48,31,10,2
27,48,29,10,2
28,48,58,33,23
29,48,255,244,236
30,48,252,249,244
31,48,244,247,245
32,48,247,247,247
33,48,247,247,247
34,48,247,246,248
35,48,247,246,248
36,48,245,247,247
37,48,245,248,246
3,49,248,247,243
4,49,241,245,240
5,49,255,251,247
6,49,225,189,183
7,49,245,186,176
8,49,170,101,82
9,49,183,103,80
10,49,180,94,70
11,49,180,104,81
12,49,77,27,5
13,49,97,51,34
14,49,119,53,42
15,49,168,98,85
16,49,158,99,80
17,49,112,54,32
18,49,120,53,30
19,49,116,48,25
20,49,123,54,39
21,49,104,50,39
22,49,58,28,17
23,49,50,31,23
24,49,50,28,22
25,49,26,7,0
26,49,24,11,3
27,49,24,15,5
28,49,64,54,44
29,49,255,250,241
30,49,250,247,243
31,49,248,249,247
32,49,247,247,247
33,49,247,247,247
34,49,247,247,247
35,49,247,247,247
36,49,247,247,247
37,49,247,247,247
3,50,251,255,255
4,50,232,246,240
5,50,247,253,242
6,50,51,28,20
7,50,238,193,182
8,50,245,186,171
9,50,173,104,85
10,50,173,95,72
11,50,172,100,76
12,50,84,30,13
13,50,74,27,13
14,50,95,45,33
15,50,105,53,41
16,50,101,55,38
17,50,97,48,32
18,50,105,49,32
19,50,111,54,39
20,50,100,47,34
21,50,68,23,12
22,50,60,26,20
23,50,54,25,20
24,50,56,27,22
25,50,58,29,20
26,50,57,30,16
27,50,52,32,15
28,50,73,66,47
29,50,255,254,239
30,50,251,247,242
31,50,252,248,247
32,50,249,247,247
33,50,247,247,247
34,50,247,247,247
35,50,247,247,247
36,50,247,247,247
37,50,247,247,247
3,51,237,244,247
4,51,239,254,250
5,51,242,247,238
6,51,49,27,16
7,51,68,23,12
8,51,82,26,15
9,51,251,186,171
10,51,168,101,80
11,51,167,104,83
12,51,105,53,36
13,51,69,24,11
14,51,73,27,19
15,51,66,23,14
16,51,69,26,17
17,51,65,20,9
18,51,72,23,13
19,51,73,24,14
20,51,72,26,18
21,51,69,30,22
22,51,56,23,20
23,51,53,22,19
24,51,53,19,13
25,51,67,28,19
26,51,94,51,36
27,51,58,27,6
28,51,107,104,73
29,51,243,250,223
30,51,255,255,247
31,51,250,245,246
32,51,249,247,247
33,51,247,247,247
34,51,247,247,247
35,51,247,247,247
36,51,247,247,247
37,51,247,247,247
3,52,238,247,250
4,52,241,251,251
5,52,253,248,245
6,52,53,17,9
7,52,157,102,93
8,52,159,97,87
9,52,85,20,11
10,52,81,26,13
11,52,101,50,34
12,52,96,49,28
13,52,70,24,7
14,52,73,25,21
15,52,72,24,23
16,52,69,23,22
17,52,69,26,23
18,52,69,27,20
19,52,61,19,12
20,52,65,20,17
21,52,63,24,22
22,52,40,15,13
23,52,40,15,11
24,52,64,25,16
25,52,100,50,38
26,52,109,47,36
27,52,100,56,33
28,52,112,115,69
29,52,241,255,220
30,52,237,247,235
31,52,243,247,248
32,52,245,247,248
33,52,247,247,247
34,52,247,247,247
35,52,247,247,247
36,52,247,247,247
37,52,247,247,247
3,53,236,244,244
4,53,238,242,243
5,53,255,248,246
6,53,70,28,21
7,53,109,47,39
8,53,163,95,88
9,53,113,45,38
10,53,104,49,40
11,53,100,50,38
12,53,103,55,37
13,53,74,27,13
14,53,62,17,14
15,53,235,190,193
16,53,60,15,18
17,53,64,22,23
18,53,57,21,15
19,53,60,24,16
20,53,226,185,182
21,53,64,26,24
22,53,35,12,10
23,53,47,21,15
24,53,74,28,17
25,53,108,48,36
26,53,117,48,39
27,53,95,49,25
28,53,95,107,49
29,53,238,255,215
30,53,241,255,242
31,53,240,245,248
32,53,245,247,248
33,53,247,247,247
34,53,247,247,247
35,53,247,247,247
36,53,247,247,247
37,53,247,247,247
3,54,244,246,247
4,54,255,251,250
5,54,255,248,243
6,54,58,16,11
7,54,81,21,15
8,54,115,42,38
9,54,121,47,43
10,54,103,38,29
11,54,105,46,36
12,54,101,47,36
13,54,70,23,15
14,54,62,25,21
15,54,51,17,17
16,54,65,21,27
17,54,63,20,23
18,54,61,25,19
19,54,59,29,18
20,54,55,25,14
21,54,37,8,0
22,54,48,22,16
23,54,62,26,20
24,54,103,47,36
25,54,104,40,29
26,54,113,50,42
27,54,95,60,34
28,54,101,120,57
29,54,78,111,54
30,54,242,251,238
31,54,252,248,254
32,54,247,246,248
33,54,247,247,247
34,54,247,247,247
35,54,247,247,247
36,54,247,247,247
37,54,247,247,247
3,55,253,251,251
4,55,254,245,241
5,55,255,243,236
6,55,65,27,22
7,55,76,21,16
8,55,114,43,40
9,55,113,39,33
10,55,116,47,38
11,55,109,47,37
12,55,97,42,35
13,55,69,23,16
14,55,60,25,21
15,55,55,24,21
16,55,226,188,188
17,55,223,181,182
18,55,231,191,186
19,55,58,26,13
20,55,70,52,29
21,55,29,15,0
22,55,51,29,17
23,55,59,22,14
24,55,107,48,39
25,55,109,42,33
26,55,110,47,39
27,55,87,49,25
28,55,56,65,8
29,55,92,116,62
30,55,247,251,239
31,55,248,244,249
32,55,249,246,248
33,55,247,247,247
34,55,247,247,247
35,55,247,247,247
36,55,247,247,247
37,55,247,247,247
3,56,251,247,242
4,56,255,246,238
5,56,255,248,240
6,56,57,25,20
7,56,70,23,19
8,56,105,43,37
9,56,117,48,39
10,56,113,44,34
11,56,108,46,36
12,56,97,44,41
13,56,66,21,17
14,56,226,190,184
15,56,219,188,179
16,56,221,187,181
17,56,231,190,187
18,56,74,21,18
19,56,88,49,34
20,56,105,106,64
21,56,252,255,218
22,56,43,29,10
23,56,60,24,18
24,56,101,44,42
25,56,111,43,38
26,56,113,41,34
27,56,104,51,31
28,56,74,61,17
29,56,104,108,67
30,56,250,250,238
31,56,246,245,247
32,56,247,247,247
33,56,247,247,247
34,56,247,247,247
35,56,247,247,247
36,56,247,247,247
37,56,247,247,247
3,57,255,251,240
4,57,255,246,239
5,57,77,53,47
6,57,74,42,37
7,57,64,22,15
8,57,102,47,38
9,57,104,42,32
10,57,103,38,29
11,57,108,46,40
12,57,93,42,39
13,57,64,19,15
14,57,67,23,16
15,57,68,25,16
16,57,68,25,16
17,57,61,13,7
18,57,105,44,40
19,57,95,53,34
20,57,100,105,54
21,57,251,255,214
22,57,45,35,11
23,57,54,20,14
24,57,96,40,39
25,57,107,37,37
26,57,120,47,43
27,57,101,45,28
28,57,76,53,21
29,57,73,68,37
30,57,254,252,241
31,57,246,247,245
32,57,247,247,247
33,57,247,247,247
34,57,247,247,247
35,57,247,247,247
36,57,247,247,247
37,57,247,247,247
3,58,151,141,124
4,58,255,248,242
5,58,73,44,40
6,58,95,58,54
7,58,64,20,13
8,58,70,21,7
9,58,105,50,37
10,58,108,46,40
11,58,104,45,43
12,58,94,43,40
13,58,73,23,17
14,58,81,21,15
15,58,156,90,85
16,58,162,96,91
17,58,154,89,81
18,58,110,49,39
19,58,96,54,31
20,58,112,107,58
21,58,147,152,101
22,58,255,249,222
23,58,59,26,17
24,58,101,45,44
25,58,117,48,51
26,58,105,35,35
27,58,98,46,34
28,58,53,34,7
29,58,188,185,157
30,58,249,247,236
31,58,252,251,247
32,58,249,247,246
33,58,247,247,247
34,58,247,247,247
35,58,247,247,247
36,58,247,247,247
37,58,247,247,247
3,59,152,136,120
4,59,255,247,240
5,59,73,41,36
6,59,83,42,39
7,59,66,20,13
8,59,71,23,11
9,59,103,47,36
10,59,108,41,38
11,59,108,41,40
12,59,97,40,38
13,59,79,22,20
14,59,81,17,12
15,59,162,89,85
16,59,156,79,76
17,59,116,42,36
18,59,110,45,31
19,59,103,51,28
20,59,135,102,63
21,59,171,150,112
22,59,157,136,114
23,59,57,27,16
24,59,95,44,42
25,59,102,39,41
26,59,100,37,39
27,59,71,25,18
28,59,208,194,171
29,59,182,183,157
30,59,247,245,234
31,59,251,248,244
32,59,249,247,246
33,59,247,247,247
34,59,247,247,247
35,59,247,247,247
36,59,247,247,247
37,59,247,247,247
3,60,255,248,240
4,60,255,250,238
5,60,82,52,41
6,60,82,40,35
7,60,75,27,23
8,60,71,21,15
9,60,105,44,40
10,60,164,85,82
11,60,172,89,88
12,60,109,33,37
13,60,112,46,47
14,60,76,18,13
15,60,156,94,88
16,60,124,49,47
17,60,115,37,31
18,60,113,41,24
19,60,165,94,74
20,60,165,88,69
21,60,159,95,77
22,60,61,27,11
23,60,55,27,16
24,60,83,43,38
25,60,72,24,23
26,60,65,15,19
27,60,221,186,182
28,60,200,195,170
29,60,66,71,42
30,60,255,255,242
31,60,250,247,242
32,60,249,247,246
33,60,247,247,247
34,60,247,247,247
35,60,247,247,247
36,60,247,247,247
37,60,247,247,247
3,61,255,245,240
4,61,255,250,239
5,61,76,46,35
6,61,95,45,39
7,61,93,36,34
8,61,73,19,18
9,61,97,37,37
10,61,119,39,40
11,61,166,82,84
12,61,119,40,43
13,61,102,36,37
14,61,72,22,16
15,61,65,13,7
16,61,109,34,36
17,61,122,39,37
18,61,170,91,78
19,61,175,93,76
20,61,186,89,85
21,61,165,82,80
22,61,66,20,12
23,61,54,23,14
24,61,62,22,17
25,61,226,182,181
26,61,232,187,190
27,61,216,184,179
28,61,39,31,8
29,61,97,100,74
30,61,248,249,233
31,61,251,252,243
32,61,247,248,246
33,61,247,247,247
34,61,247,247,247
35,61,247,247,247
36,61,247,247,247
37,61,247,247,247
3,62,255,245,241
4,62,255,246,239
5,62,124,93,84
6,62,103,41,35
7,62,111,42,39
8,62,77,19,20
9,62,71,14,17
10,62,106,36,42
11,62,119,46,48
12,62,103,34,31
13,62,98,42,37
14,62,67,25,20
15,62,69,21,19
16,62,114,38,42
17,62,124,35,38
18,62,171,86,78
19,62,173,88,80
20,62,165,78,81
21,62,162,86,90
22,62,71,20,18
23,62,60,19,16
24,62,64,16,14
25,62,68,19,17
26,62,67,18,16
27,62,60,23,15
28,62,69,50,29
29,62,255,255,234
30,62,248,254,235
31,62,240,248,237
32,62,245,249,244
33,62,247,247,247
34,62,247,247,247
35,62,247,247,247
36,62,247,247,247
37,62,247,247,247
3,63,250,247,243
4,63,255,248,244
5,63,255,245,240
6,63,150,86,85
7,63,160,86,86
8,63,75,16,20
9,63,71,15,20
10,63,101,37,43
11,63,102,35,38
12,63,105,41,37
13,63,100,45,38
14,63,59,17,12
15,63,66,18,17
16,63,156,80,84
17,63,172,82,87
18,63,173,84,80
19,63,168,81,77
20,63,168,86,91
21,63,104,34,40
22,63,70,17,20
23,63,67,19,18
24,63,96,42,41
25,63,95,40,37
26,63,98,41,40
27,63,91,45,37
28,63,114,93,72
29,63,255,253,226
30,63,253,253,229
31,63,139,142,126
32,63,247,249,243
33,63,247,247,247
34,63,247,247,247
35,63,247,247,247
36,63,247,247,247
37,63,247,247,247
3,64,244,249,248
4,64,245,248,246
5,64,255,240,239
6,64,150,93,96
7,64,150,80,86
8,64,71,16,19
9,64,74,21,24
10,64,96,35,39
11,64,103,38,40
12,64,107,40,39
13,64,109,45,44
14,64,88,35,32
15,64,74,18,17
16,64,157,86,89
17,64,167,83,87
18,64,174,84,84
19,64,171,83,83
20,64,114,34,35
21,64,105,36,39
22,64,68,16,16
23,64,72,22,22
24,64,96,41,38
25,64,96,35,33
26,64,108,42,43
27,64,93,41,35
28,64,119,102,76
29,64,255,255,222
30,64,116,101,69
31,64,157,143,121
32,64,254,248,241
33,64,247,247,247
34,64,247,247,247
35,64,247,247,247
36,64,247,247,247
37,64,247,247,247
3,65,235,243,242
4,65,239,247,246
5,65,255,247,249
6,65,255,237,243
7,65,143,85,90
8,65,67,20,23
9,65,58,14,15
10,65,74,22,22
11,65,95,35,36
12,65,102,35,38
13,65,98,32,33
14,65,109,45,45
15,65,76,14,14
16,65,83,18,20
17,65,148,78,79
18,65,167,84,86
19,65,120,37,36
20,65,117,39,40
21,65,110,42,43
22,65,93,41,41
23,65,64,14,14
24,65,97,41,36
25,65,107,43,39
26,65,107,36,39
27,65,97,36,32
28,65,129,98,73
29,65,118,97,65
30,65,125,96,65
31,65,166,142,118
32,65,255,249,240
33,65,247,247,247
34,65,247,247,247
35,65,247,247,247
36,65,247,247,247
37,65,247,247,247
3,66,245,251,250
4,66,240,248,247
5,66,252,250,249
6,66,255,238,241
7,66,82,42,44
8,66,55,21,22
9,66,49,15,15
10,66,59,19,20
11,66,89,39,39
12,66,105,42,44
13,66,105,37,38
14,66,102,27,29
15,66,86,18,19
16,66,69,17,17
17,66,139,88,86
18,66,105,40,39
19,66,107,35,35
20,66,107,32,34
21,66,104,36,37
22,66,94,42,42
23,66,68,18,18
24,66,95,36,34
25,66,107,42,41
26,66,103,33,39
27,66,104,37,36
28,66,159,97,79
29,66,149,95,70
30,66,134,94,66
31,66,163,139,117
32,66,255,248,241
33,66,247,247,247
34,66,247,247,247
35,66,247,247,247
36,66,247,247,247
37,66,247,247,247
3,67,245,251,250
4,67,235,244,241
5,67,242,245,243
6,67,255,249,250
7,67,255,242,245
8,67,49,17,18
9,67,58,24,24
10,67,52,18,18
11,67,61,19,20
12,67,92,34,35
13,67,106,35,38
14,67,118,38,43
15,67,109,35,39
16,67,71,17,17
17,67,51,3,1
18,67,88,31,30
19,67,109,42,41
20,67,115,40,42
21,67,103,32,35
22,67,74,15,19
23,67,71,14,15
24,67,102,38,37
25,67,99,31,32
26,67,152,85,90
27,67,103,35,36
28,67,162,90,78
29,67,141,81,59
30,67,127,93,69
31,67,255,255,236
32,67,254,248,241
33,67,247,247,247
34,67,247,247,247
35,67,247,247,247
36,67,247,247,247
37,67,247,247,247
3,68,243,251,250
4,68,243,252,249
5,68,242,245,243
6,68,252,247,246
7,68,255,246,248
8,68,57,18,20
9,68,80,37,40
10,68,53,22,21
11,68,51,15,15
12,68,92,37,40
13,68,108,38,44
14,68,155,77,84
15,68,104,28,32
16,68,100,35,37
17,68,61,1,1
18,68,79,17,17
19,68,103,36,35
20,68,161,84,87
21,68,153,76,80
22,68,88,14,20
23,68,108,36,42
24,68,114,39,41
25,68,156,83,85
26,68,143,76,83
27,68,79,19,20
28,68,143,83,71
29,68,135,92,71
30,68,255,255,234
31,68,249,251,232
32,68,249,249,243
33,68,247,247,247
34,68,247,247,247
35,68,247,247,247
36,68,247,247,247
37,68,247,247,247
3,69,241,249,248
4,69,240,247,244
5,69,247,252,250
6,69,250,248,247
7,69,255,245,247
8,69,62,12,16
9,69,95,39,44
10,69,58,19,21
11,69,54,18,18
12,69,69,16,19
13,69,100,34,39
14,69,153,79,85
15,69,163,85,92
16,69,157,81,85
17,69,105,35,36
18,69,80,16,16
19,69,105,41,40
20,69,105,30,32
21,69,112,35,39
22,69,91,14,22
23,69,155,77,84
24,69,156,75,78
25,69,157,80,84
26,69,151,80,90
27,69,70,11,15
28,69,104,59,48
29,69,255,254,236
30,69,249,251,231
31,69,241,252,236
32,69,245,249,244
33,69,247,247,247
34,69,247,247,247
35,69,247,247,247
36,69,247,247,247
37,69,247,247,247
3,70,240,245,243
4,70,241,248,245
5,70,244,247,245
6,70,250,246,245
7,70,255,244,246
8,70,97,34,43
9,70,106,36,43
10,70,63,13,17
11,70,63,18,21
12,70,67,13,18
13,70,97,35,41
14,70,99,29,36
15,70,152,74,81
16,70,162,76,82
17,70,165,84,87
18,70,92,30,30
19,70,186,129,128
20,70,106,37,40
21,70,104,32,38
22,70,80,10,17
23,70,151,76,84
24,70,168,83,87
25,70,159,73,79
26,70,158,78,91
27,70,74,15,23
28,70,123,96,86
29,70,255,254,236
30,70,242,249,234
31,70,245,255,245
32,70,245,249,244
33,70,247,247,247
34,70,247,247,247
35,70,247,247,247
36,70,247,247,247
37,70,247,247,247
3,71,252,248,247
4,71,249,250,248
5,71,250,248,247
6,71,255,245,245
7,71,50,17,21
8,71,101,32,42
9,71,107,29,40
10,71,88,32,37
11,71,68,21,24
12,71,63,9,14
13,71,72,14,19
14,71,104,37,44
15,71,154,77,85
16,71,163,74,83
17,71,158,76,81
18,71,140,86,85
19,71,180,131,129
20,71,100,34,39
21,71,99,31,38
22,71,73,14,22
23,71,145,81,87
24,71,116,32,37
25,71,164,74,80
26,71,155,75,88
27,71,91,34,43
28,71,153,136,127
29,71,248,251,236
30,71,246,252,241
31,71,242,249,242
32,71,245,248,246
33,71,247,247,247
34,71,247,247,247
35,71,247,247,247
36,71,247,247,247
37,71,247,247,247
3,72,255,242,243
4,72,255,249,249
5,72,254,244,244
6,72,255,247,249
7,72,82,36,42
8,72,101,28,38
9,72,110,32,43
10,72,92,33,41
11,72,66,15,22
12,72,65,13,20
13,72,72,13,21
14,72,101,34,43
15,72,152,77,85
16,72,161,76,84
17,72,112,38,42
18,72,126,82,81
19,72,255,246,244
20,72,93,29,34
21,72,100,36,42
22,72,52,11,16
23,72,66,19,22
24,72,109,33,37
25,72,161,75,83
26,72,89,12,26
27,72,129,76,85
28,72,155,136,131
29,72,254,253,243
30,72,251,248,243
31,72,252,248,247
32,72,249,247,247
33,72,247,247,247
34,72,247,247,247
35,72,247,247,247
36,72,247,247,247
37,72,247,247,247
3,73,255,241,242
4,73,255,245,248
5,73,165,132,136
6,73,51,11,16
7,73,91,37,44
8,73,112,34,45
9,73,109,31,42
10,73,91,31,39
11,73,63,15,21
12,73,57,16,21
13,73,60,14,20
14,73,78,15,24
15,73,100,29,39
16,73,146,74,80
17,73,97,37,38
18,73,255,239,239
19,73,255,240,240
20,73,97,37,43
21,73,96,33,42
22,73,54,12,19
23,73,62,16,22
24,73,147,76,79
25,73,151,74,81
26,73,77,13,25
27,73,121,80,88
28,73,255,249,243
29,73,245,246,237
30,73,251,246,245
31,73,253,246,249
32,73,249,247,247
33,73,247,247,247
34,73,247,247,247
35,73,247,247,247
36,73,247,247,247
37,73,247,247,247
3,74,255,248,249
4,74,140,81,89
5,74,145,72,82
6,74,96,37,45
7,74,88,29,37
8,74,105,26,39
9,74,107,28,41
10,74,86,25,35
11,74,61,17,24
12,74,255,239,243
13,74,48,21,25
14,74,83,30,39
15,74,95,32,41
16,74,141,83,88
17,74,97,53,54
18,74,255,250,250
19,74,255,243,244
20,74,89,30,38
21,74,101,33,44
22,74,72,12,22
23,74,136,77,85
24,74,147,80,83
25,74,76,13,15
26,74,125,82,91
27,74,255,249,254
28,74,245,242,237
29,74,246,253,246
30,74,249,249,249
31,74,243,239,244
32,74,247,246,248
33,74,247,247,247
34,74,247,247,247
35,74,247,247,247
36,74,247,247,247
37,74,247,247,247
3,75,255,242,243
4,75,148,72,83
5,75,161,66,80
6,75,108,35,45
7,75,99,30,40
8,75,111,29,42
9,75,104,28,40
10,75,87,36,44
11,75,90,58,63
12,75,255,245,247
13,75,255,246,248
14,75,50,12,18
15,75,62,15,23
16,75,48,11,15
17,75,255,247,247
18,75,255,243,242
19,75,40,16,18
20,75,86,33,42
21,75,95,26,39
22,75,82,10,23
23,75,80,11,21
24,75,72,12,13
25,75,87,39,38
26,75,255,233,239
27,75,255,244,247
28,75,247,251,245
29,75,240,248,241
30,75,245,247,248
31,75,249,248,252
32,75,247,246,248
33,75,247,247,247
34,75,247,247,247
35,75,247,247,247
36,75,247,247,247
37,75,247,247,247
3,76,255,246,249
4,76,152,76,88
5,76,170,71,87
6,76,155,68,82
7,76,113,28,42
8,76,114,26,40
9,76,105,36,47
10,76,41,11,16
11,76,249,241,242
12,76,254,243,245
13,76,255,249,251
14,76,255,245,248
15,76,255,239,242
16,76,255,250,251
17,76,255,244,244
18,76,253,243,243
19,76,43,25,26
20,76,59,16,25
21,76,74,12,24
22,76,101,22,36
23,76,108,32,43
24,76,84,33,31
25,76,127,97,92
26,76,255,246,248
27,76,249,247,247
28,76,246,250,244
29,76,245,252,245
30,76,242,243,247
31,76,246,246,252
32,76,247,246,248
33,76,247,247,247
34,76,247,247,247
35,76,247,247,247
36,76,247,247,247
37,76,247,247,247
3,77,255,244,248
4,77,140,71,82
5,77,162,69,84
6,77,164,69,84
7,77,161,73,87
8,77,150,70,83
9,77,130,75,84
10,77,255,248,250
11,77,248,250,250
12,77,251,246,247
13,77,248,242,243
14,77,253,248,249
15,77,252,250,250
16,77,246,242,241
17,77,249,244,243
18,77,255,251,251
19,77,35,14,17
20,77,50,9,17
21,77,234,175,189
22,77,150,78,91
23,77,97,32,41
24,77,73,38,34
25,77,255,250,243
26,77,246,241,242
27,77,242,244,244
28,77,247,249,243
29,77,247,249,243
30,77,243,244,248
31,77,246,246,252
32,77,247,246,248
33,77,247,247,247
34,77,247,247,247
35,77,247,247,247
36,77,247,247,247
37,77,247,247,247
3,78,255,240,244
4,78,67,10,19
5,78,158,78,91
6,78,162,67,82
7,78,157,70,84
8,78,141,80,90
9,78,255,235,241
10,78,254,246,247
11,78,242,247,246
12,78,244,247,245
13,78,247,250,248
14,78,241,246,244
15,78,247,250,248
16,78,255,252,253
17,78,255,243,245
18,78,255,244,247
19,78,69,37,42
20,78,57,10,19
21,78,229,176,189
22,78,230,180,192
23,78,45,9,15
24,78,186,175,167
25,78,244,245,235
26,78,251,255,254
27,78,244,249,248
28,78,253,249,244
29,78,252,248,243
30,78,246,247,251
31,78,244,246,254
32,78,245,247,248
33,78,247,247,247
34,78,247,247,247
35,78,247,247,247
36,78,247,247,247
37,78,247,247,247
3,79,255,243,248
4,79,67,14,23
5,79,96,25,35
6,79,105,26,35
7,79,99,31,38
8,79,93,53,58
9,79,255,248,249
10,79,248,246,246
11,79,239,245,244
12,79,246,251,249
13,79,243,248,246
14,79,240,247,244
15,79,247,248,246
16,79,251,241,241
17,79,255,249,252
18,79,45,12,19
19,79,72,29,38
20,79,86,33,46
21,79,60,10,20
22,79,215,181,182
23,79,204,185,180
24,79,251,250,240
25,79,248,255,245
26,79,233,242,239
27,79,245,250,249
28,79,249,246,242
29,79,253,250,246
30,79,246,248,249
31,79,241,244,248
32,79,245,247,248
33,79,247,247,247
34,79,247,247,247
35,79,247,247,247
36,79,247,247,247
37,79,247,247,247
3,80,47,17,28
4,80,85,27,38
5,80,95,31,37
6,80,87,36,34
7,80,55,19,13
8,80,255,246,243
9,80,251,248,244
10,80,243,248,246
11,80,242,248,247
12,80,245,247,247
13,80,247,247,247
14,80,247,247,247
15,80,252,246,247
16,80,255,247,245
17,80,42,13,16
18,80,57,14,25
19,80,83,30,44
20,80,86,33,46
21,80,74,31,34
22,80,52,26,12
23,80,255,248,228
24,80,255,252,238
25,80,254,255,248
26,80,239,244,242
27,80,242,248,247
28,80,244,249,250
29,80,241,246,245
30,80,246,249,247
31,80,244,247,245
32,80,247,247,247
33,80,247,247,247
34,80,247,247,247
35,80,247,247,247
36,80,247,247,247
37,80,247,247,247
3,81,73,35,47
4,81,92,30,44
5,81,93,33,41
6,81,71,39,28
7,81,255,246,233
8,81,254,248,243
9,81,247,248,246
10,81,242,249,244
11,81,242,249,246
12,81,245,247,247
13,81,249,246,248
14,81,249,246,248
15,81,252,246,247
16,81,255,245,243
17,81,49,20,23
18,81,65,11,28
19,81,88,25,45
20,81,82,25,40
21,81,73,32,30
22,81,118,104,76
23,81,255,255,225
24,81,248,245,230
25,81,249,246,241
26,81,251,253,247
27,81,242,248,243
28,81,236,244,244
29,81,243,251,251
30,81,247,250,248
31,81,248,249,247
32,81,247,247,247
33,81,247,247,247
34,81,247,247,247
35,81,247,247,247
36,81,247,247,247
37,81,247,247,247
3,82,75,25,37
4,82,96,24,46
5,82,84,22,34
6,82,119,93,77
7,82,255,255,239
8,82,252,247,246
9,82,247,246,248
10,82,245,250,241
11,82,245,250,241
12,82,245,247,248
13,82,247,245,251
14,82,247,246,248
15,82,249,247,246
16,82,250,247,242
17,82,255,238,240
18,82,90,31,51
19,82,96,23,49
20,82,87,20,41
21,82,85,39,38
22,82,112,104,67
23,82,97,106,63
24,82,255,255,239
25,82,251,249,241
26,82,246,246,232
27,82,248,250,238
28,82,246,251,249
29,82,243,247,248
30,82,241,240,244
31,82,251,247,252
32,82,247,246,248
33,82,247,247,247
34,82,247,247,247
35,82,247,247,247
36,82,247,247,247
37,82,247,247,247
3,83,95,33,47
4,83,96,20,44
5,83,93,31,45
6,83,118,98,80
7,83,253,252,231
8,83,251,246,248
9,83,249,245,251
10,83,249,250,241
11,83,247,251,240
12,83,245,246,250
13,83,245,244,253
14,83,245,247,247
15,83,245,249,244
16,83,247,251,245
17,83,255,249,249
18,83,53,6,22
19,83,90,25,47
20,83,96,27,47
21,83,80,27,30
22,83,66,45,18
23,83,107,103,68
24,83,95,98,72
25,83,248,253,232
26,83,255,255,238
27,83,253,253,241
28,83,246,244,243
29,83,246,245,249
30,83,252,250,255
31,83,250,248,254
32,83,247,246,248
33,83,247,247,247
34,83,247,247,247
35,83,247,247,247
36,83,247,247,247
37,83,247,247,247
3,84,98,25,41
4,84,146,65,92
5,84,89,28,42
6,84,110,99,79
7,84,243,252,226
8,84,249,245,250
9,84,249,244,253
10,84,252,249,241
11,84,251,250,240
12,84,245,246,250
13,84,243,245,253
14,84,243,248,247
15,84,245,249,244
16,84,244,247,245
17,84,250,244,245
18,84,255,245,250
19,84,49,12,20
20,84,83,26,34
21,84,93,31,37
22,84,87,32,35
23,84,74,40,27
24,84,110,111,69
25,84,90,103,57
26,84,247,255,232
27,84,248,248,242
28,84,253,243,249
29,84,255,248,255
30,84,238,242,243
31,84,238,244,243
32,84,245,247,247
33,84,247,247,247
34,84,247,247,247
35,84,247,247,247
36,84,247,247,247
37,84,247,247,247
3,85,100,22,39
4,85,96,18,42
5,85,81,27,40
6,85,107,100,81
7,85,243,255,232
8,85,247,246,248
9,85,249,245,251
10,85,252,248,243
11,85,251,249,241
12,85,245,246,250
13,85,242,246,251
14,85,243,248,247
15,85,245,248,246
16,85,247,248,246
17,85,252,250,249
18,85,252,250,250
19,85,255,243,244
20,85,58,15,18
21,85,91,31,39
22,85,89,18,38
23,85,84,31,34
24,85,56,47,3
25,85,106,119,67
26,85,240,249,228
27,85,247,250,248
28,85,255,248,253
29,85,249,242,247
30,85,243,248,246
31,85,245,255,249
32,85,245,248,246
33,85,247,247,247
34,85,247,247,247
35,85,247,247,247
36,85,247,247,247
37,85,247,247,247
3,86,94,20,38
4,86,93,22,42
5,86,77,30,39
6,86,70,67,53
7,86,241,253,235
8,86,245,248,246
9,86,249,246,248
10,86,252,247,246
11,86,251,248,244
12,86,245,247,248
13,86,242,247,250
14,86,243,248,247
15,86,245,248,246
16,86,248,249,245
17,86,240,244,239
18,86,239,248,245
19,86,253,251,250
20,86,255,241,244
21,86,77,25,35
22,86,93,23,46
23,86,88,27,37
24,86,63,39,9
25,86,103,102,64
26,86,249,254,239
27,86,242,248,247
28,86,244,246,247
29,86,241,241,241
30,86,243,250,243
31,86,242,250,240
32,86,245,248,246
33,86,247,247,247
34,86,247,247,247
35,86,247,247,247
36,86,247,247,247
37,86,247,247,247
3,87,91,25,44
4,87,80,23,38
5,87,50,14,20
6,87,248,246,236
7,87,243,253,240
8,87,243,249,244
9,87,247,247,247
10,87,251,246,247
11,87,251,246,247
12,87,245,247,247
13,87,243,248,247
14,87,245,247,247
15,87,247,248,246
16,87,249,248,244
17,87,244,248,243
18,87,244,253,250
19,87,240,242,242
20,87,255,246,249
21,87,255,244,254
22,87,77,23,40
23,87,79,28,36
24,87,67,38,23
25,87,78,67,45
26,87,246,249,240
27,87,240,246,245
28,87,241,247,246
29,87,244,249,247
30,87,248,251,242
31,87,248,249,240
32,87,247,248,246
33,87,247,247,247
34,87,247,247,247
35,87,247,247,247
36,87,247,247,247
37,87,247,247,247
3,88,81,29,47
4,88,68,26,37
5,88,255,246,249
6,88,252,248,243
7,88,243,251,241
8,88,243,250,243
9,88,243,248,246
10,88,247,246,248
11,88,247,246,250
12,88,245,248,246
13,88,245,249,244
14,88,249,247,247
15,88,249,247,246
16,88,249,248,244
17,88,250,248,247
18,88,245,244,246
19,88,247,243,248
20,88,254,243,251
21,88,255,247,251
22,88,255,241,243
23,88,39,16,14
24,88,38,17,16
25,88,73,60,58
26,88,251,247,246
27,88,242,247,245
28,88,242,249,246
29,88,243,249,244
30,88,251,248,243
31,88,251,247,242
32,88,249,247,246
33,88,247,247,247
34,88,247,247,247
35,88,247,247,247
36,88,247,247,247
37,88,247,247,247
3,89,47,8,24
4,89,79,51,57
5,89,255,244,245
6,89,255,255,250
7,89,243,247,241
8,89,243,250,243
9,89,242,249,244
10,89,245,246,250
11,89,245,246,250
12,89,247,248,246
13,89,247,248,244
14,89,249,247,246
15,89,251,246,247
16,89,252,247,248
17,89,252,247,249
18,89,253,247,252
19,89,249,245,251
20,89,252,248,254
21,89,246,244,244
22,89,254,251,243
23,89,255,251,244
24,89,30,16,20
25,89,253,241,247
26,89,251,246,248
27,89,249,249,249
28,89,241,246,244
29,89,244,247,245
30,89,253,248,245
31,89,253,248,245
32,89,249,247,247
33,89,247,247,247
34,89,247,247,247
35,89,247,247,247
36,89,247,247,247
37,89,247,247,247
3,90,37,11,25
4,90,255,249,255
5,90,252,244,244
6,90,246,242,237
7,90,250,250,244
8,90,243,249,244
9,90,242,249,246
10,90,243,247,248
11,90,245,247,248
12,90,247,247,247
13,90,249,247,246
14,90,251,247,246
15,90,251,246,248
16,90,250,243,250
17,90,248,240,250
18,90,248,244,250
19,90,250,251,255
20,90,244,246,246
21,90,248,251,249
22,90,243,245,239
23,90,248,248,242
24,90,252,248,247
25,90,255,250,251
26,90,251,246,248
27,90,253,247,252
28,90,251,247,252
29,90,243,240,242
30,90,253,251,251
31,90,247,245,245
32,90,247,247,247
33,90,247,247,247
34,90,247,247,247
35,90,247,247,247
36,90,247,247,247
37,90,247,247,247
